dateid,orderdate,weekday,month,monthname,quarter,year,shipdate
1,2017-06-09,Friday,6,June,2,2017,2017-11-09
2,2015-10-01,Thursday,10,October,4,2015,2016-03-01
3,2015-07-10,Friday,7,July,3,2015,2015-12-10
4,2019-04-01,Monday,4,April,2,2019,2019-04-01
5,2018-05-07,Monday,5,May,2,2018,2018-10-07
6,2020-07-10,Friday,7,July,3,2020,2018-04-11
7,2018-10-06,Saturday,10,October,4,2018,2019-02-06
8,2018-01-08,Monday,1,January,1,2018,2018-07-08
9,2016-10-02,Sunday,10,October,4,2016,2016-12-02
10,2017-10-05,Thursday,10,October,4,2017,2018-02-05
11,2015-09-10,Thursday,9,September,3,2015,2016-03-10
12,2018-09-03,Monday,9,September,3,2018,2019-01-03
13,2017-06-08,Thursday,6,June,2,2017,2015-04-09
14,2016-01-07,Thursday,1,January,1,2016,2016-05-07
15,2020-02-01,Saturday,2,February,1,2020,2020-07-01
16,2016-12-12,Monday,12,December,4,2016,2017-04-12
17,2015-11-04,Wednesday,11,November,4,2015,2016-01-04
18,2015-06-07,Sunday,6,June,2,2015,2015-08-07
19,2019-03-01,Friday,3,March,1,2019,2019-06-01
20,2017-02-02,Thursday,2,February,1,2017,2017-09-02
21,2020-03-03,Tuesday,3,March,1,2020,2020-05-03
22,2019-02-11,Monday,2,February,1,2019,2019-07-11
23,2016-06-12,Sunday,6,June,2,2016,2016-08-12
24,2020-06-05,Friday,6,June,2,2020,2018-03-06
25,2019-11-07,Thursday,11,November,4,2019,2020-02-07
26,2016-06-08,Wednesday,6,June,2,2016,2016-10-08
27,2019-01-06,Sunday,1,January,1,2019,2019-03-06
28,2018-03-03,Saturday,3,March,1,2018,2018-08-03
29,2017-11-11,Saturday,11,November,4,2017,2018-05-11
30,2019-07-01,Monday,7,July,3,2019,2019-11-01
31,2015-09-12,Saturday,9,September,3,2015,2016-02-12
32,2015-02-02,Monday,2,February,1,2015,2015-06-02
33,2020-05-05,Tuesday,5,May,2,2020,2018-04-06
34,2017-11-05,Sunday,11,November,4,2017,2018-04-05
35,2016-05-07,Saturday,5,May,2,2016,2016-10-07
36,2016-08-04,Thursday,8,August,3,2016,2016-10-04
37,2017-05-11,Thursday,5,May,2,2017,2017-09-11
38,2015-03-03,Tuesday,3,March,1,2015,2015-08-03
39,2020-06-01,Monday,6,June,2,2020,2018-04-02
40,2016-07-07,Thursday,7,July,3,2016,2016-12-07
41,2017-09-10,Sunday,9,September,3,2017,2017-11-10
42,2017-01-07,Saturday,1,January,1,2017,2017-01-07
43,2020-01-09,Thursday,1,January,1,2020,2018-01-10
44,2015-10-11,Sunday,10,October,4,2015,2016-04-11
45,2019-12-04,Wednesday,12,December,4,2019,2020-03-04
46,2020-05-03,Sunday,5,May,2,2020,2018-02-04
47,2017-04-01,Saturday,4,April,2,2017,2017-08-01
48,2017-03-09,Thursday,3,March,1,2017,2017-07-09
49,2017-06-12,Monday,6,June,2,2017,2017-12-12
50,2017-09-06,Wednesday,9,September,3,2017,2018-03-06
51,2020-03-07,Saturday,3,March,1,2020,2020-07-07
52,2016-02-12,Friday,2,February,1,2016,2016-08-12
53,2019-10-12,Saturday,10,October,4,2019,2020-02-12
54,2020-03-11,Wednesday,3,March,1,2020,2020-06-11
55,2019-05-11,Saturday,5,May,2,2019,2019-09-11
56,2016-11-05,Saturday,11,November,4,2016,2017-03-05
57,2016-09-12,Monday,9,September,3,2016,2017-03-12
58,2018-01-01,Monday,1,January,1,2018,2018-05-01
59,2018-05-12,Saturday,5,May,2,2018,2018-11-12
60,2019-11-09,Saturday,11,November,4,2019,2020-06-09
61,2017-03-07,Tuesday,3,March,1,2017,2017-03-07
62,2019-10-11,Friday,10,October,4,2019,2020-02-11
63,2018-07-04,Wednesday,7,July,3,2018,2018-12-04
64,2018-11-11,Sunday,11,November,4,2018,2019-02-11
65,2016-05-12,Thursday,5,May,2,2016,2016-06-12
66,2019-02-03,Sunday,2,February,1,2019,2019-05-03
67,2016-03-05,Saturday,3,March,1,2016,2016-07-05
68,2018-04-05,Thursday,4,April,2,2018,2018-07-05
69,2019-05-07,Tuesday,5,May,2,2019,2019-07-07
70,2015-05-09,Saturday,5,May,2,2015,2015-10-09
71,2018-05-10,Thursday,5,May,2,2018,2018-10-10
72,2016-05-04,Wednesday,5,May,2,2016,2016-11-04
73,2019-06-04,Tuesday,6,June,2,2019,2017-04-05
74,2016-03-07,Monday,3,March,1,2016,2016-05-07
75,2018-10-07,Sunday,10,October,4,2018,2019-03-07
76,2019-08-07,Wednesday,8,August,3,2019,2019-12-07
77,2018-12-07,Friday,12,December,4,2018,2019-02-07
78,2019-04-06,Saturday,4,April,2,2019,2019-06-06
79,2018-03-02,Friday,3,March,1,2018,2018-08-02
80,2016-11-10,Thursday,11,November,4,2016,2017-06-10
81,2018-02-09,Friday,2,February,1,2018,2018-07-09
82,2016-12-09,Friday,12,December,4,2016,2017-05-09
83,2015-08-05,Wednesday,8,August,3,2015,2015-10-05
84,2019-11-08,Friday,11,November,4,2019,2020-02-08
85,2019-11-05,Tuesday,11,November,4,2019,2020-03-05
86,2019-09-08,Sunday,9,September,3,2019,2019-10-08
87,2017-06-06,Tuesday,6,June,2,2017,2017-06-06
88,2016-03-12,Saturday,3,March,1,2016,2016-07-12
89,2020-04-11,Saturday,4,April,2,2020,2018-02-12
90,2015-08-09,Sunday,8,August,3,2015,2015-12-09
91,2017-05-03,Wednesday,5,May,2,2017,2015-02-04
92,2018-06-10,Sunday,6,June,2,2018,2018-12-10
93,2017-12-02,Saturday,12,December,4,2017,2018-02-02
94,2019-06-08,Saturday,6,June,2,2019,2017-01-09
95,2019-06-10,Monday,6,June,2,2019,2017-04-11
96,2018-11-10,Saturday,11,November,4,2018,2019-05-10
97,2015-07-07,Tuesday,7,July,3,2015,2015-11-07
98,2015-01-08,Thursday,1,January,1,2015,2015-05-08
99,2017-10-07,Saturday,10,October,4,2017,2018-02-07
100,2019-12-01,Sunday,12,December,4,2019,2020-05-01
101,2019-08-03,Saturday,8,August,3,2019,2019-08-03
102,2018-03-04,Sunday,3,March,1,2018,2018-09-04
103,2019-07-07,Sunday,7,July,3,2019,2017-06-08
104,2016-08-11,Thursday,8,August,3,2016,2016-08-11
105,2017-02-08,Wednesday,2,February,1,2017,2017-04-08
106,2019-02-04,Monday,2,February,1,2019,2019-05-04
107,2015-12-09,Wednesday,12,December,4,2015,2016-05-09
108,2015-09-06,Sunday,9,September,3,2015,2016-02-06
109,2017-05-01,Monday,5,May,2,2017,2017-11-01
110,2015-08-07,Friday,8,August,3,2015,2015-12-07
111,2020-05-07,Thursday,5,May,2,2020,2018-03-08
112,2020-02-06,Thursday,2,February,1,2020,2020-06-06
113,2018-09-12,Wednesday,9,September,3,2018,2018-12-12
114,2020-03-08,Sunday,3,March,1,2020,2020-06-08
115,2019-05-03,Friday,5,May,2,2019,2019-10-03
116,2019-09-04,Wednesday,9,September,3,2019,2020-03-04
117,2015-01-07,Wednesday,1,January,1,2015,2015-05-07
118,2015-11-07,Saturday,11,November,4,2015,2016-03-07
119,2019-06-07,Friday,6,June,2,2019,2017-02-08
120,2018-04-12,Thursday,4,April,2,2018,2018-07-12
121,2017-05-12,Friday,5,May,2,2017,2017-06-12
122,2018-06-01,Friday,6,June,2,2018,2016-06-02
123,2016-01-01,Friday,1,January,1,2016,2016-06-01
124,2019-02-05,Tuesday,2,February,1,2019,2019-05-05
125,2016-07-10,Sunday,7,July,3,2016,2016-10-10
126,2019-04-03,Wednesday,4,April,2,2019,2019-04-03
127,2018-09-01,Saturday,9,September,3,2018,2018-11-01
128,2019-03-10,Sunday,3,March,1,2019,2017-02-11
129,2018-03-12,Monday,3,March,1,2018,2018-09-12
130,2017-01-09,Monday,1,January,1,2017,2017-06-09
131,2017-05-08,Monday,5,May,2,2017,2015-02-09
132,2019-03-07,Thursday,3,March,1,2019,2019-07-07
133,2015-03-01,Sunday,3,March,1,2015,2015-07-01
134,2016-07-12,Tuesday,7,July,3,2016,2017-01-12
135,2015-08-06,Thursday,8,August,3,2015,2015-12-06
136,2020-05-11,Monday,5,May,2,2020,2018-03-12
137,2016-04-01,Friday,4,April,2,2016,2016-06-01
138,2018-11-12,Monday,11,November,4,2018,2019-02-12
139,2020-06-06,Saturday,6,June,2,2020,2020-06-06
140,2016-11-08,Tuesday,11,November,4,2016,2017-03-08
141,2020-01-06,Monday,1,January,1,2020,2018-02-07
142,2020-05-06,Wednesday,5,May,2,2020,2020-06-06
143,2015-07-12,Sunday,7,July,3,2015,2015-08-12
144,2017-05-04,Thursday,5,May,2,2017,2017-09-04
145,2018-03-06,Tuesday,3,March,1,2018,2018-07-06
146,2018-02-10,Saturday,2,February,1,2018,2018-06-10
147,2018-03-09,Friday,3,March,1,2018,2018-05-09
148,2019-05-05,Sunday,5,May,2,2019,2017-01-06
149,2016-09-04,Sunday,9,September,3,2016,2017-02-04
150,2019-09-09,Monday,9,September,3,2019,2020-01-09
151,2019-08-01,Thursday,8,August,3,2019,2020-02-01
152,2016-08-12,Friday,8,August,3,2016,2016-10-12
153,2019-12-03,Tuesday,12,December,4,2019,2020-04-03
154,2018-01-10,Wednesday,1,January,1,2018,2018-08-10
155,2017-03-11,Saturday,3,March,1,2017,2017-06-11
156,2016-09-09,Friday,9,September,3,2016,2017-01-09
157,2018-04-01,Sunday,4,April,2,2018,2018-07-01
158,2017-07-05,Wednesday,7,July,3,2017,2017-11-05
159,2015-04-04,Saturday,4,April,2,2015,2015-08-04
160,2016-03-10,Thursday,3,March,1,2016,2016-05-10
161,2018-02-04,Sunday,2,February,1,2018,2018-04-04
162,2018-05-05,Saturday,5,May,2,2018,2018-07-05
163,2016-04-06,Wednesday,4,April,2,2016,2016-04-06
164,2016-01-04,Monday,1,January,1,2016,2016-05-04
165,2019-08-09,Friday,8,August,3,2019,2020-02-09
166,2017-12-04,Monday,12,December,4,2017,2018-04-04
167,2019-05-06,Monday,5,May,2,2019,2019-08-06
168,2016-03-01,Tuesday,3,March,1,2016,2016-08-01
169,2015-03-06,Friday,3,March,1,2015,2015-07-06
170,2017-11-07,Tuesday,11,November,4,2017,2018-03-07
171,2019-04-04,Thursday,4,April,2,2019,2017-01-05
172,2016-03-11,Friday,3,March,1,2016,2016-07-11
173,2020-04-12,Sunday,4,April,2,2020,2019-04-01
174,2018-12-09,Sunday,12,December,4,2018,2019-04-09
175,2015-05-01,Friday,5,May,2,2015,2015-12-01
176,2020-05-10,Sunday,5,May,2,2020,2020-07-10
177,2019-02-08,Friday,2,February,1,2019,2019-04-08
178,2018-07-01,Sunday,7,July,3,2018,2018-09-01
179,2015-02-09,Monday,2,February,1,2015,2015-07-09
180,2020-04-07,Tuesday,4,April,2,2020,2018-01-08
181,2017-01-08,Sunday,1,January,1,2017,2017-05-08
182,2019-05-10,Friday,5,May,2,2019,2019-07-10
183,2017-03-12,Sunday,3,March,1,2017,2016-03-01
184,2018-09-06,Thursday,9,September,3,2018,2019-01-06
185,2018-03-07,Wednesday,3,March,1,2018,2018-09-07
186,2015-10-09,Friday,10,October,4,2015,2016-01-09
187,2015-01-03,Saturday,1,January,1,2015,2015-05-03
188,2019-07-05,Friday,7,July,3,2019,2019-12-05
189,2017-02-10,Friday,2,February,1,2017,2017-09-10
190,2018-06-08,Friday,6,June,2,2018,2018-12-08
191,2018-05-09,Wednesday,5,May,2,2018,2018-11-09
192,2017-11-10,Friday,11,November,4,2017,2018-02-10
193,2018-11-03,Saturday,11,November,4,2018,2019-05-03
194,2016-03-02,Wednesday,3,March,1,2016,2016-05-02
195,2018-07-08,Sunday,7,July,3,2018,2018-11-08
196,2017-12-08,Friday,12,December,4,2017,2018-04-08
197,2018-03-05,Monday,3,March,1,2018,2018-08-05
198,2019-11-12,Tuesday,11,November,4,2019,2020-03-12
199,2017-02-05,Sunday,2,February,1,2017,2017-08-05
200,2020-07-07,Tuesday,7,July,3,2020,2018-03-08
201,2015-07-06,Monday,7,July,3,2015,2015-10-06
202,2019-07-12,Friday,7,July,3,2019,2018-06-01
203,2017-11-06,Monday,11,November,4,2017,2018-04-06
204,2017-03-03,Friday,3,March,1,2017,2017-06-03
205,2017-08-11,Friday,8,August,3,2017,2017-12-11
206,2015-12-08,Tuesday,12,December,4,2015,2016-04-08
207,2016-03-03,Thursday,3,March,1,2016,2016-07-03
208,2019-10-09,Wednesday,10,October,4,2019,2019-11-09
209,2020-04-01,Wednesday,4,April,2,2020,2018-01-02
210,2019-08-12,Monday,8,August,3,2019,2020-02-12
211,2018-09-07,Friday,9,September,3,2018,2018-12-07
212,2018-01-04,Thursday,1,January,1,2018,2018-05-04
213,2015-02-11,Wednesday,2,February,1,2015,2015-06-11
214,2019-06-12,Wednesday,6,June,2,2019,2019-12-12
215,2017-06-07,Wednesday,6,June,2,2017,2017-10-07
216,2016-08-03,Wednesday,8,August,3,2016,2016-12-03
217,2017-02-04,Saturday,2,February,1,2017,2017-06-04
218,2020-02-02,Sunday,2,February,1,2020,2020-04-02
219,2016-12-01,Thursday,12,December,4,2016,2017-05-01
220,2018-10-08,Monday,10,October,4,2018,2019-03-08
221,2018-09-10,Monday,9,September,3,2018,2018-10-10
222,2016-04-10,Sunday,4,April,2,2016,2016-09-10
223,2018-11-02,Friday,11,November,4,2018,2019-03-02
224,2019-10-10,Thursday,10,October,4,2019,2020-03-10
225,2019-09-03,Tuesday,9,September,3,2019,2020-03-03
226,2018-02-11,Sunday,2,February,1,2018,2018-06-11
227,2015-06-09,Tuesday,6,June,2,2015,2015-09-09
228,2017-01-11,Wednesday,1,January,1,2017,2017-04-11
229,2016-09-07,Wednesday,9,September,3,2016,2017-02-07
230,2015-10-05,Monday,10,October,4,2015,2016-02-05
231,2019-11-10,Sunday,11,November,4,2019,2020-04-10
232,2020-07-03,Friday,7,July,3,2020,2018-02-04
233,2019-04-08,Monday,4,April,2,2019,2019-07-08
234,2018-12-12,Wednesday,12,December,4,2018,2019-04-12
235,2016-12-11,Sunday,12,December,4,2016,2017-05-11
236,2016-04-11,Monday,4,April,2,2016,2016-09-11
237,2019-08-10,Saturday,8,August,3,2019,2019-08-10
238,2015-03-10,Tuesday,3,March,1,2015,2015-03-10
239,2019-11-02,Saturday,11,November,4,2019,2018-02-03
240,2015-04-07,Tuesday,4,April,2,2015,2015-07-07
241,2018-05-03,Thursday,5,May,2,2018,2018-07-03
242,2016-12-06,Tuesday,12,December,4,2016,2017-04-06
243,2016-03-04,Friday,3,March,1,2016,2016-03-04
244,2019-02-10,Sunday,2,February,1,2019,2019-07-10
245,2019-10-01,Tuesday,10,October,4,2019,2020-01-01
246,2017-08-03,Thursday,8,August,3,2017,2018-01-03
247,2019-09-02,Monday,9,September,3,2019,2020-02-02
248,2017-01-05,Thursday,1,January,1,2017,2017-04-05
249,2016-07-08,Friday,7,July,3,2016,2016-09-08
250,2020-04-10,Friday,4,April,2,2020,2020-06-10
251,2016-05-10,Tuesday,5,May,2,2016,2016-07-10
252,2015-01-11,Sunday,1,January,1,2015,2015-08-11
253,2015-11-09,Monday,11,November,4,2015,2016-04-09
254,2015-03-05,Thursday,3,March,1,2015,2015-10-05
255,2017-01-03,Tuesday,1,January,1,2017,2017-06-03
256,2016-07-01,Friday,7,July,3,2016,2016-08-01
257,2020-04-08,Wednesday,4,April,2,2020,2018-01-09
258,2020-01-04,Saturday,1,January,1,2020,2020-03-04
259,2018-07-03,Tuesday,7,July,3,2018,2018-12-03
260,2019-06-06,Thursday,6,June,2,2019,2019-11-06
261,2015-02-12,Thursday,2,February,1,2015,2015-06-12
262,2019-10-07,Monday,10,October,4,2019,2020-04-07
263,2018-11-01,Thursday,11,November,4,2018,2019-05-01
264,2015-01-09,Friday,1,January,1,2015,2015-04-09
265,2018-06-05,Tuesday,6,June,2,2018,2018-11-05
266,2019-07-11,Thursday,7,July,3,2019,2019-11-11
267,2018-11-09,Friday,11,November,4,2018,2019-03-09
268,2017-05-09,Tuesday,5,May,2,2017,2017-11-09
269,2017-05-07,Sunday,5,May,2,2017,2017-07-07
270,2015-05-10,Sunday,5,May,2,2015,2015-06-10
271,2017-10-09,Monday,10,October,4,2017,2018-02-09
272,2017-08-01,Tuesday,8,August,3,2017,2017-12-01
273,2018-02-06,Tuesday,2,February,1,2018,2018-06-06
274,2017-01-02,Monday,1,January,1,2017,2017-03-02
275,2018-05-08,Tuesday,5,May,2,2018,2018-09-08
276,2018-08-09,Thursday,8,August,3,2018,2018-12-09
277,2018-04-08,Sunday,4,April,2,2018,2016-04-09
278,2015-11-03,Tuesday,11,November,4,2015,2016-04-03
279,2018-12-10,Monday,12,December,4,2018,2018-12-10
280,2016-01-12,Tuesday,1,January,1,2016,2016-05-12
281,2015-04-10,Friday,4,April,2,2015,2015-08-10
282,2017-10-04,Wednesday,10,October,4,2017,2017-12-04
283,2019-01-12,Saturday,1,January,1,2019,2019-06-12
284,2015-06-02,Tuesday,6,June,2,2015,2015-10-02
285,2020-07-08,Wednesday,7,July,3,2020,2018-04-09
286,2017-03-04,Saturday,3,March,1,2017,2017-07-04
287,2019-11-04,Monday,11,November,4,2019,2020-02-04
288,2018-10-01,Monday,10,October,4,2018,2019-03-01
289,2019-09-11,Wednesday,9,September,3,2019,2020-01-11
290,2019-10-05,Saturday,10,October,4,2019,2020-01-05
291,2017-09-05,Tuesday,9,September,3,2017,2018-01-05
292,2017-06-04,Sunday,6,June,2,2017,2017-10-04
293,2019-07-03,Wednesday,7,July,3,2019,2019-10-03
294,2018-11-04,Sunday,11,November,4,2018,2019-04-04
295,2016-02-11,Thursday,2,February,1,2016,2016-07-11
296,2018-08-11,Saturday,8,August,3,2018,2018-12-11
297,2017-01-12,Thursday,1,January,1,2017,2017-05-12
298,2016-06-11,Saturday,6,June,2,2016,2016-09-11
299,2016-09-08,Thursday,9,September,3,2016,2016-12-08
300,2019-04-09,Tuesday,4,April,2,2019,2017-01-10
301,2017-01-06,Friday,1,January,1,2017,2017-04-06
302,2016-06-07,Tuesday,6,June,2,2016,2016-10-07
303,2018-05-06,Sunday,5,May,2,2018,2018-10-06
304,2015-12-02,Wednesday,12,December,4,2015,2016-06-02
305,2019-07-09,Tuesday,7,July,3,2019,2019-12-09
306,2015-02-06,Friday,2,February,1,2015,2015-06-06
307,2019-01-04,Friday,1,January,1,2019,2019-05-04
308,2018-09-09,Sunday,9,September,3,2018,2019-02-09
309,2017-10-02,Monday,10,October,4,2017,2017-12-02
310,2020-02-08,Saturday,2,February,1,2020,2018-01-09
311,2018-06-12,Tuesday,6,June,2,2018,2018-09-12
312,2016-02-05,Friday,2,February,1,2016,2016-07-05
313,2017-05-05,Friday,5,May,2,2017,2017-09-05
314,2015-04-02,Thursday,4,April,2,2015,2015-08-02
315,2016-07-09,Saturday,7,July,3,2016,2016-12-09
316,2016-10-05,Wednesday,10,October,4,2016,2017-05-05
317,2015-12-11,Friday,12,December,4,2015,2016-04-11
318,2017-05-06,Saturday,5,May,2,2017,2015-03-07
319,2016-04-08,Friday,4,April,2,2016,2016-08-08
320,2018-08-01,Wednesday,8,August,3,2018,2018-11-01
321,2017-04-08,Saturday,4,April,2,2017,2017-08-08
322,2015-07-11,Saturday,7,July,3,2015,2015-12-11
323,2018-12-11,Tuesday,12,December,4,2018,2019-02-11
324,2020-05-12,Tuesday,5,May,2,2020,2019-01-01
325,2019-03-08,Friday,3,March,1,2019,2017-01-09
326,2020-02-12,Wednesday,2,February,1,2020,2019-01-01
327,2016-05-02,Monday,5,May,2,2016,2016-12-02
328,2016-03-06,Sunday,3,March,1,2016,2016-09-06
329,2018-08-06,Monday,8,August,3,2018,2018-12-06
330,2017-12-05,Tuesday,12,December,4,2017,2018-04-05
331,2018-11-08,Thursday,11,November,4,2018,2019-06-08
332,2015-08-12,Wednesday,8,August,3,2015,2016-01-12
333,2016-07-02,Saturday,7,July,3,2016,2016-11-02
334,2019-02-06,Wednesday,2,February,1,2019,2019-06-06
335,2018-10-05,Friday,10,October,4,2018,2018-10-05
336,2016-10-03,Monday,10,October,4,2016,2017-02-03
337,2016-09-06,Tuesday,9,September,3,2016,2016-12-06
338,2016-05-05,Thursday,5,May,2,2016,2016-09-05
339,2020-03-05,Thursday,3,March,1,2020,2018-02-06
340,2019-04-11,Thursday,4,April,2,2019,2019-04-11
341,2016-06-02,Thursday,6,June,2,2016,2016-12-02
342,2015-09-07,Monday,9,September,3,2015,2016-03-07
343,2020-03-10,Tuesday,3,March,1,2020,2020-05-10
344,2020-02-05,Wednesday,2,February,1,2020,2020-07-05
345,2015-02-08,Sunday,2,February,1,2015,2015-08-08
346,2015-11-02,Monday,11,November,4,2015,2016-03-02
347,2017-04-06,Thursday,4,April,2,2017,2017-08-06
348,2017-06-10,Saturday,6,June,2,2017,2017-10-10
349,2016-09-01,Thursday,9,September,3,2016,2017-01-01
350,2016-08-01,Monday,8,August,3,2016,2017-02-01
351,2016-02-08,Monday,2,February,1,2016,2016-05-08
352,2016-05-06,Friday,5,May,2,2016,2016-10-06
353,2019-10-06,Sunday,10,October,4,2019,2020-04-06
354,2015-02-05,Thursday,2,February,1,2015,2015-04-05
355,2020-06-12,Friday,6,June,2,2020,2019-03-01
356,2016-06-04,Saturday,6,June,2,2016,2016-10-04
357,2020-01-02,Thursday,1,January,1,2020,2018-01-03
358,2016-03-09,Wednesday,3,March,1,2016,2016-09-09
359,2020-02-10,Monday,2,February,1,2020,2020-06-10
360,2020-01-07,Tuesday,1,January,1,2020,2020-03-07
361,2018-03-11,Sunday,3,March,1,2018,2018-06-11
362,2018-06-02,Saturday,6,June,2,2018,2018-12-02
363,2017-04-10,Monday,4,April,2,2017,2017-08-10
364,2019-05-09,Thursday,5,May,2,2019,2019-09-09
365,2017-08-10,Thursday,8,August,3,2017,2017-08-10
366,2020-03-06,Friday,3,March,1,2020,2018-01-07
367,2017-07-02,Sunday,7,July,3,2017,2017-10-02
368,2016-08-09,Tuesday,8,August,3,2016,2016-12-09
369,2019-11-03,Sunday,11,November,4,2019,2020-01-03
370,2015-12-04,Friday,12,December,4,2015,2016-05-04
371,2018-05-11,Friday,5,May,2,2018,2016-03-12
372,2018-10-03,Wednesday,10,October,4,2018,2019-03-03
373,2016-01-06,Wednesday,1,January,1,2016,2016-05-06
374,2020-06-03,Wednesday,6,June,2,2020,2018-03-04
375,2017-09-04,Monday,9,September,3,2017,2018-02-04
376,2015-08-10,Monday,8,August,3,2015,2016-01-10
377,2018-07-10,Tuesday,7,July,3,2018,2018-07-10
378,2016-08-02,Tuesday,8,August,3,2016,2016-11-02
379,2017-09-02,Saturday,9,September,3,2017,2018-01-02
380,2019-01-09,Wednesday,1,January,1,2019,2019-06-09
381,2017-06-05,Monday,6,June,2,2017,2017-10-05
382,2020-04-09,Thursday,4,April,2,2020,2018-04-10
383,2015-10-10,Saturday,10,October,4,2015,2016-03-10
384,2019-05-04,Saturday,5,May,2,2019,2019-11-04
385,2020-05-08,Friday,5,May,2,2020,2018-01-09
386,2015-01-04,Sunday,1,January,1,2015,2015-06-04
387,2016-11-11,Friday,11,November,4,2016,2017-01-11
388,2018-07-05,Thursday,7,July,3,2018,2018-11-05
389,2020-04-03,Friday,4,April,2,2020,2020-07-03
390,2019-12-12,Thursday,12,December,4,2019,2020-05-12
391,2018-06-04,Monday,6,June,2,2018,2016-05-05
392,2019-07-06,Saturday,7,July,3,2019,2019-09-06
393,2016-01-11,Monday,1,January,1,2016,2016-03-11
394,2018-06-06,Wednesday,6,June,2,2018,2018-09-06
395,2020-02-11,Tuesday,2,February,1,2020,2020-05-11
396,2015-03-12,Thursday,3,March,1,2015,2015-09-12
397,2017-09-08,Friday,9,September,3,2017,2018-01-08
398,2019-01-08,Tuesday,1,January,1,2019,2019-01-08
399,2020-02-09,Sunday,2,February,1,2020,2020-02-09
400,2016-02-07,Sunday,2,February,1,2016,2016-02-07
401,2018-10-09,Tuesday,10,October,4,2018,2019-05-09
402,2018-07-06,Friday,7,July,3,2018,2018-08-06
403,2016-04-05,Tuesday,4,April,2,2016,2016-08-05
404,2015-08-04,Tuesday,8,August,3,2015,2015-12-04
405,2016-10-10,Monday,10,October,4,2016,2016-11-10
406,2017-04-02,Sunday,4,April,2,2017,2017-09-02
407,2016-09-11,Sunday,9,September,3,2016,2016-09-11
408,2018-08-12,Sunday,8,August,3,2018,2018-12-12
409,2016-04-04,Monday,4,April,2,2016,2016-04-04
410,2020-04-05,Sunday,4,April,2,2020,2018-01-06
411,2019-06-11,Tuesday,6,June,2,2019,2017-06-12
412,2017-12-06,Wednesday,12,December,4,2017,2018-04-06
413,2016-12-10,Saturday,12,December,4,2016,2017-02-10
414,2017-10-08,Sunday,10,October,4,2017,2018-02-08
415,2020-01-12,Sunday,1,January,1,2020,2020-04-12
416,2018-06-09,Saturday,6,June,2,2018,2018-11-09
417,2019-01-11,Friday,1,January,1,2019,2019-07-11
418,2019-01-07,Monday,1,January,1,2019,2019-03-07
419,2017-05-10,Wednesday,5,May,2,2017,2015-02-11
420,2020-01-08,Wednesday,1,January,1,2020,2020-05-08
421,2018-09-02,Sunday,9,September,3,2018,2019-02-02
422,2018-05-04,Friday,5,May,2,2018,2018-09-04
423,2016-10-12,Wednesday,10,October,4,2016,2016-10-12
424,2017-08-06,Sunday,8,August,3,2017,2018-01-06
425,2015-12-12,Saturday,12,December,4,2015,2016-03-12
426,2019-09-12,Thursday,9,September,3,2019,2020-03-12
427,2020-01-05,Sunday,1,January,1,2020,2020-01-05
428,2016-02-10,Wednesday,2,February,1,2016,2016-04-10
429,2017-01-10,Tuesday,1,January,1,2017,2017-02-10
430,2017-11-09,Thursday,11,November,4,2017,2018-04-09
431,2015-08-02,Sunday,8,August,3,2015,2015-09-02
432,2020-03-04,Wednesday,3,March,1,2020,2020-05-04
433,2017-03-10,Friday,3,March,1,2017,2017-07-10
434,2017-11-08,Wednesday,11,November,4,2017,2018-04-08
435,2016-02-03,Wednesday,2,February,1,2016,2016-07-03
436,2015-01-02,Friday,1,January,1,2015,2015-03-02
437,2019-03-02,Saturday,3,March,1,2019,2017-01-03
438,2019-09-06,Friday,9,September,3,2019,2020-01-06
439,2018-10-11,Thursday,10,October,4,2018,2019-03-11
440,2018-04-03,Tuesday,4,April,2,2018,2016-02-04
441,2015-05-11,Monday,5,May,2,2015,2015-10-11
442,2018-04-04,Wednesday,4,April,2,2018,2018-05-04
443,2016-09-05,Monday,9,September,3,2016,2017-01-05
444,2018-04-10,Tuesday,4,April,2,2018,2018-08-10
445,2015-02-04,Wednesday,2,February,1,2015,2015-08-04
446,2015-09-09,Wednesday,9,September,3,2015,2015-11-09
447,2019-04-07,Sunday,4,April,2,2019,2019-09-07
448,2018-08-08,Wednesday,8,August,3,2018,2018-11-08
449,2015-04-03,Friday,4,April,2,2015,2015-09-03
450,2016-06-05,Sunday,6,June,2,2016,2016-08-05
451,2019-03-04,Monday,3,March,1,2019,2019-06-04
452,2020-01-03,Friday,1,January,1,2020,2020-07-03
453,2019-01-02,Wednesday,1,January,1,2019,2019-07-02
454,2016-08-05,Friday,8,August,3,2016,2016-12-05
455,2020-04-04,Saturday,4,April,2,2020,2018-02-05
456,2015-04-01,Wednesday,4,April,2,2015,2015-08-01
457,2017-08-04,Friday,8,August,3,2017,2018-02-04
458,2017-04-11,Tuesday,4,April,2,2017,2017-08-11
459,2019-09-07,Saturday,9,September,3,2019,2020-01-07
460,2016-11-06,Sunday,11,November,4,2016,2016-12-06
461,2016-11-03,Thursday,11,November,4,2016,2017-02-03
462,2018-12-08,Saturday,12,December,4,2018,2019-07-08
463,2017-07-07,Friday,7,July,3,2017,2017-08-07
464,2015-12-07,Monday,12,December,4,2015,2016-04-07
465,2017-09-07,Thursday,9,September,3,2017,2018-01-07
466,2016-03-08,Tuesday,3,March,1,2016,2016-06-08
467,2016-07-06,Wednesday,7,July,3,2016,2016-11-06
468,2019-10-08,Tuesday,10,October,4,2019,2019-12-08
469,2017-09-11,Monday,9,September,3,2017,2017-11-11
470,2019-08-06,Tuesday,8,August,3,2019,2020-03-06
471,2019-05-12,Sunday,5,May,2,2019,2019-09-12
472,2016-05-09,Monday,5,May,2,2016,2016-09-09
473,2019-04-02,Tuesday,4,April,2,2019,2017-04-03
474,2016-01-05,Tuesday,1,January,1,2016,2016-03-05
475,2016-09-02,Friday,9,September,3,2016,2017-01-02
476,2019-08-08,Thursday,8,August,3,2019,2020-02-08
477,2016-07-03,Sunday,7,July,3,2016,2016-09-03
478,2017-04-05,Wednesday,4,April,2,2017,2015-01-06
479,2019-02-12,Tuesday,2,February,1,2019,2019-08-12
480,2019-06-02,Sunday,6,June,2,2019,2019-09-02
481,2016-12-08,Thursday,12,December,4,2016,2017-02-08
482,2017-02-11,Saturday,2,February,1,2017,2015-02-12
483,2015-07-04,Saturday,7,July,3,2015,2015-12-04
484,2018-02-03,Saturday,2,February,1,2018,2018-05-03
485,2019-12-02,Monday,12,December,4,2019,2020-04-02
486,2015-04-12,Sunday,4,April,2,2015,2015-08-12
487,2018-01-09,Tuesday,1,January,1,2018,2018-06-09
488,2017-10-03,Tuesday,10,October,4,2017,2017-12-03
489,2019-03-03,Sunday,3,March,1,2019,2019-07-03
490,2020-06-04,Thursday,6,June,2,2020,2018-06-05
491,2019-06-01,Saturday,6,June,2,2019,2017-03-02
492,2016-06-01,Wednesday,6,June,2,2016,2016-12-01
493,2019-03-12,Tuesday,3,March,1,2019,2019-07-12
494,2018-08-10,Friday,8,August,3,2018,2018-11-10
495,2019-10-04,Friday,10,October,4,2019,2020-02-04
496,2015-07-03,Friday,7,July,3,2015,2015-08-03
497,2018-01-12,Friday,1,January,1,2018,2018-05-12
498,2015-02-10,Tuesday,2,February,1,2015,2015-05-10
499,2015-05-04,Monday,5,May,2,2015,2015-09-04
500,2018-09-05,Wednesday,9,September,3,2018,2019-04-05
501,2020-06-07,Sunday,6,June,2,2020,2018-03-08
502,2015-10-12,Monday,10,October,4,2015,2016-03-12
503,2017-08-08,Tuesday,8,August,3,2017,2018-02-08
504,2015-09-08,Tuesday,9,September,3,2015,2016-01-08
505,2019-12-10,Tuesday,12,December,4,2019,2020-02-10
506,2017-07-04,Tuesday,7,July,3,2017,2018-01-04
507,2018-02-08,Thursday,2,February,1,2018,2018-06-08
508,2019-12-07,Saturday,12,December,4,2019,2019-12-07
509,2019-12-06,Friday,12,December,4,2019,2020-06-06
510,2017-03-08,Wednesday,3,March,1,2017,2017-07-08
511,2017-05-02,Tuesday,5,May,2,2017,2017-05-02
512,2019-05-08,Wednesday,5,May,2,2019,2017-04-09
513,2018-09-08,Saturday,9,September,3,2018,2019-03-08
514,2017-04-12,Wednesday,4,April,2,2017,2017-05-12
515,2017-12-12,Tuesday,12,December,4,2017,2018-06-12
516,2018-12-05,Wednesday,12,December,4,2018,2019-03-05
517,2015-12-05,Saturday,12,December,4,2015,2016-05-05
518,2016-06-06,Monday,6,June,2,2016,2016-11-06
519,2019-07-08,Monday,7,July,3,2019,2019-11-08
520,2017-06-01,Thursday,6,June,2,2017,2015-04-02
521,2017-12-11,Monday,12,December,4,2017,2018-04-11
522,2017-10-01,Sunday,10,October,4,2017,2018-05-01
523,2016-08-06,Saturday,8,August,3,2016,2016-12-06
524,2019-03-05,Tuesday,3,March,1,2019,2019-07-05
525,2020-06-10,Wednesday,6,June,2,2020,2018-05-11
526,2019-09-10,Tuesday,9,September,3,2019,2019-12-10
527,2018-09-04,Tuesday,9,September,3,2018,2019-02-04
528,2018-12-03,Monday,12,December,4,2018,2019-04-03
529,2018-10-10,Wednesday,10,October,4,2018,2018-12-10
530,2015-11-11,Wednesday,11,November,4,2015,2016-01-11
531,2015-07-05,Sunday,7,July,3,2015,2015-12-05
532,2019-01-01,Tuesday,1,January,1,2019,2019-03-01
533,2016-05-08,Sunday,5,May,2,2016,2016-11-08
534,2017-09-09,Saturday,9,September,3,2017,2018-03-09
535,2016-11-02,Wednesday,11,November,4,2016,2017-03-02
536,2015-09-11,Friday,9,September,3,2015,2016-01-11
537,2019-04-12,Friday,4,April,2,2019,2019-08-12
538,2018-04-06,Friday,4,April,2,2018,2018-10-06
539,2016-12-07,Wednesday,12,December,4,2016,2017-05-07
540,2017-07-09,Sunday,7,July,3,2017,2017-10-09
541,2018-12-06,Thursday,12,December,4,2018,2019-07-06
542,2018-01-11,Thursday,1,January,1,2018,2018-04-11
543,2018-08-04,Saturday,8,August,3,2018,2018-12-04
544,2017-09-01,Friday,9,September,3,2017,2018-03-01
545,2017-07-03,Monday,7,July,3,2017,2017-08-03
546,2020-06-11,Thursday,6,June,2,2020,2018-04-12
547,2019-03-09,Saturday,3,March,1,2019,2019-07-09
548,2015-11-01,Sunday,11,November,4,2015,2016-02-01
549,2017-03-02,Thursday,3,March,1,2017,2017-07-02
550,2015-10-06,Tuesday,10,October,4,2015,2016-03-06
551,2018-04-09,Monday,4,April,2,2018,2018-10-09
552,2017-02-01,Wednesday,2,February,1,2017,2017-07-01
553,2018-06-11,Monday,6,June,2,2018,2018-11-11
554,2017-08-09,Wednesday,8,August,3,2017,2017-10-09
555,2017-12-03,Sunday,12,December,4,2017,2018-04-03
556,2015-03-09,Monday,3,March,1,2015,2015-03-09
557,2020-06-09,Tuesday,6,June,2,2020,2018-02-10
558,2018-05-01,Tuesday,5,May,2,2018,2018-09-01
559,2015-06-12,Friday,6,June,2,2015,2015-10-12
560,2018-04-07,Saturday,4,April,2,2018,2018-08-07
561,2019-01-05,Saturday,1,January,1,2019,2019-06-05
562,2019-08-04,Sunday,8,August,3,2019,2019-12-04
563,2017-10-10,Tuesday,10,October,4,2017,2018-02-10
564,2018-08-03,Friday,8,August,3,2018,2018-12-03
565,2019-11-11,Monday,11,November,4,2019,2020-04-11
566,2018-12-01,Saturday,12,December,4,2018,2019-02-01
567,2017-08-05,Saturday,8,August,3,2017,2017-08-05
568,2018-02-01,Thursday,2,February,1,2018,2016-01-02
569,2018-01-03,Wednesday,1,January,1,2018,2018-03-03
570,2017-07-10,Monday,7,July,3,2017,2018-01-10
571,2017-11-01,Wednesday,11,November,4,2017,2018-01-01
572,2018-01-02,Tuesday,1,January,1,2018,2018-06-02
573,2016-02-09,Tuesday,2,February,1,2016,2016-07-09
574,2018-12-04,Tuesday,12,December,4,2018,2019-03-04
575,2016-05-03,Tuesday,5,May,2,2016,2016-07-03
576,2015-09-05,Saturday,9,September,3,2015,2015-09-05
577,2019-12-09,Monday,12,December,4,2019,2020-05-09
578,2015-11-08,Sunday,11,November,4,2015,2016-04-08
579,2016-01-09,Saturday,1,January,1,2016,2016-01-09
580,2017-10-12,Thursday,10,October,4,2017,2018-05-12
581,2015-01-06,Tuesday,1,January,1,2015,2015-06-06
582,2016-02-02,Tuesday,2,February,1,2016,2016-07-02
583,2016-04-02,Saturday,4,April,2,2016,2016-09-02
584,2016-05-11,Wednesday,5,May,2,2016,2016-11-11
585,2016-05-01,Sunday,5,May,2,2016,2016-10-01
586,2017-06-11,Sunday,6,June,2,2017,2017-09-11
587,2016-10-06,Thursday,10,October,4,2016,2016-12-06
588,2015-11-10,Tuesday,11,November,4,2015,2016-03-10
589,2017-07-08,Saturday,7,July,3,2017,2017-11-08
590,2018-06-03,Sunday,6,June,2,2018,2016-04-04
591,2017-12-07,Thursday,12,December,4,2017,2018-04-07
592,2017-07-11,Tuesday,7,July,3,2017,2017-12-11
593,2015-12-10,Thursday,12,December,4,2015,2016-04-10
594,2016-10-01,Saturday,10,October,4,2016,2017-03-01
595,2016-10-07,Friday,10,October,4,2016,2016-12-07
596,2016-01-08,Friday,1,January,1,2016,2016-07-08
597,2015-08-08,Saturday,8,August,3,2015,2015-12-08
598,2015-08-11,Tuesday,8,August,3,2015,2016-02-11
599,2016-04-03,Sunday,4,April,2,2016,2016-09-03
600,2018-07-07,Saturday,7,July,3,2018,2019-01-07
601,2020-04-02,Thursday,4,April,2,2020,2018-06-03
602,2016-11-07,Monday,11,November,4,2016,2017-01-07
603,2018-10-12,Friday,10,October,4,2018,2019-05-12
604,2017-07-06,Thursday,7,July,3,2017,2017-11-06
605,2016-04-12,Tuesday,4,April,2,2016,2016-05-12
606,2016-02-06,Saturday,2,February,1,2016,2016-08-06
607,2016-10-11,Tuesday,10,October,4,2016,2017-03-11
608,2018-07-09,Monday,7,July,3,2018,2018-07-09
609,2016-08-08,Monday,8,August,3,2016,2017-01-08
610,2020-05-04,Monday,5,May,2,2020,2018-04-05
611,2018-04-11,Wednesday,4,April,2,2018,2018-05-11
612,2019-05-02,Thursday,5,May,2,2019,2019-07-02
613,2015-06-08,Monday,6,June,2,2015,2015-11-08
614,2017-09-12,Tuesday,9,September,3,2017,2018-01-12
615,2018-08-07,Tuesday,8,August,3,2018,2019-03-07
616,2015-05-08,Friday,5,May,2,2015,2015-12-08
617,2018-07-11,Wednesday,7,July,3,2018,2018-12-11
618,2017-11-12,Sunday,11,November,4,2017,2018-01-12
619,2019-09-05,Thursday,9,September,3,2019,2020-02-05
620,2015-06-04,Thursday,6,June,2,2015,2015-12-04
621,2016-06-10,Friday,6,June,2,2016,2016-11-10
622,2017-07-01,Saturday,7,July,3,2017,2015-02-02
623,2015-06-10,Wednesday,6,June,2,2015,2015-10-10
624,2019-12-08,Sunday,12,December,4,2019,2020-02-08
625,2019-07-02,Tuesday,7,July,3,2019,2019-08-02
626,2015-10-03,Saturday,10,October,4,2015,2016-02-03
627,2017-10-11,Wednesday,10,October,4,2017,2018-03-11
628,2015-07-02,Thursday,7,July,3,2015,2015-12-02
629,2015-06-05,Friday,6,June,2,2015,2015-11-05
630,2018-03-01,Thursday,3,March,1,2018,2018-05-01
631,2015-07-09,Thursday,7,July,3,2015,2015-12-09
632,2017-07-12,Wednesday,7,July,3,2017,2017-08-12
633,2016-01-03,Sunday,1,January,1,2016,2016-03-03
634,2016-11-01,Tuesday,11,November,4,2016,2017-04-01
635,2018-05-02,Wednesday,5,May,2,2018,2018-09-02
636,2017-12-10,Sunday,12,December,4,2017,2018-06-10
637,2015-06-01,Monday,6,June,2,2015,2015-10-01
638,2015-01-12,Monday,1,January,1,2015,2015-03-12
639,2015-02-03,Tuesday,2,February,1,2015,2015-08-03
640,2017-08-07,Monday,8,August,3,2017,2018-03-07
641,2019-06-05,Wednesday,6,June,2,2019,2017-04-06
642,2017-04-04,Tuesday,4,April,2,2017,2015-03-05
643,2017-01-01,Sunday,1,January,1,2017,2017-03-01
644,2015-04-05,Sunday,4,April,2,2015,2015-04-05
645,2015-05-07,Thursday,5,May,2,2015,2015-08-07
646,2016-12-05,Monday,12,December,4,2016,2017-05-05
647,2016-07-04,Monday,7,July,3,2016,2016-11-04
648,2018-03-08,Thursday,3,March,1,2018,2016-01-09
649,2019-04-05,Friday,4,April,2,2019,2017-03-06
650,2015-02-07,Saturday,2,February,1,2015,2015-06-07
651,2016-02-01,Monday,2,February,1,2016,2016-09-01
652,2019-01-10,Thursday,1,January,1,2019,2019-04-10
653,2017-12-01,Friday,12,December,4,2017,2018-04-01
654,2019-08-02,Friday,8,August,3,2019,2019-11-02
655,2020-02-04,Tuesday,2,February,1,2020,2018-01-05
656,2019-04-10,Wednesday,4,April,2,2019,2019-05-10
657,2015-01-10,Saturday,1,January,1,2015,2015-05-10
658,2017-04-03,Monday,4,April,2,2017,2017-08-03
659,2016-06-03,Friday,6,June,2,2016,2016-12-03
660,2018-10-04,Thursday,10,October,4,2018,2019-05-04
661,2018-02-12,Monday,2,February,1,2018,2018-04-12
662,2017-03-05,Sunday,3,March,1,2017,2017-06-05
663,2019-08-05,Monday,8,August,3,2019,2019-10-05
664,2018-02-02,Friday,2,February,1,2018,2018-03-02
665,2018-04-02,Monday,4,April,2,2018,2018-08-02
666,2016-04-09,Saturday,4,April,2,2016,2016-08-09
667,2016-10-08,Saturday,10,October,4,2016,2017-04-08
668,2016-12-02,Friday,12,December,4,2016,2015-02-03
669,2016-08-07,Sunday,8,August,3,2016,2016-11-07
670,2015-03-02,Monday,3,March,1,2015,2015-06-02
671,2016-04-07,Thursday,4,April,2,2016,2016-09-07
672,2018-07-12,Thursday,7,July,3,2018,2018-12-12
673,2018-09-11,Tuesday,9,September,3,2018,2019-02-11
674,2018-08-05,Sunday,8,August,3,2018,2019-01-05
675,2017-12-09,Saturday,12,December,4,2017,2017-12-09
676,2017-11-03,Friday,11,November,4,2017,2018-05-03
677,2016-11-12,Saturday,11,November,4,2016,2017-04-12
678,2016-06-09,Thursday,6,June,2,2016,2017-01-09
679,2019-06-03,Monday,6,June,2,2019,2019-11-03
680,2019-03-06,Wednesday,3,March,1,2019,2019-08-06
681,2019-02-07,Thursday,2,February,1,2019,2019-06-07
682,2019-08-11,Sunday,8,August,3,2019,2019-12-11
683,2020-05-01,Friday,5,May,2,2020,2018-02-02
684,2017-02-09,Thursday,2,February,1,2017,2015-01-10
685,2016-11-04,Friday,11,November,4,2016,2017-03-04
686,2019-07-10,Wednesday,7,July,3,2019,2017-05-11
687,2018-07-02,Monday,7,July,3,2018,2018-11-02
688,2017-10-06,Friday,10,October,4,2017,2018-03-06
689,2016-07-05,Tuesday,7,July,3,2016,2016-10-05
690,2019-02-09,Saturday,2,February,1,2019,2019-03-09
691,2015-09-01,Tuesday,9,September,3,2015,2016-01-01
692,2015-03-08,Sunday,3,March,1,2015,2015-05-08
693,2018-06-07,Thursday,6,June,2,2018,2018-12-07
694,2017-09-03,Sunday,9,September,3,2017,2018-02-03
695,2016-10-09,Sunday,10,October,4,2016,2017-02-09
696,2015-05-12,Tuesday,5,May,2,2015,2015-10-12
697,2017-02-12,Sunday,2,February,1,2017,2017-06-12
698,2019-06-09,Sunday,6,June,2,2019,2019-11-09
699,2018-08-02,Thursday,8,August,3,2018,2019-03-02
700,2017-03-06,Monday,3,March,1,2017,2017-08-06
701,2015-03-11,Wednesday,3,March,1,2015,2015-07-11
702,2017-02-03,Friday,2,February,1,2017,2017-06-03
703,2019-12-11,Wednesday,12,December,4,2019,2020-02-11
704,2017-04-07,Friday,4,April,2,2017,2017-04-07
705,2020-02-07,Friday,2,February,1,2020,2018-01-08
706,2019-09-01,Sunday,9,September,3,2019,2020-01-01
707,2017-02-06,Monday,2,February,1,2017,2017-06-06
708,2020-05-09,Saturday,5,May,2,2020,2018-02-10
709,2018-01-06,Saturday,1,January,1,2018,2018-04-06
710,2015-04-08,Wednesday,4,April,2,2015,2015-09-08
711,2020-01-11,Saturday,1,January,1,2020,2018-01-12
712,2016-09-03,Saturday,9,September,3,2016,2017-01-03
713,2017-11-02,Thursday,11,November,4,2017,2018-04-02
714,2015-11-05,Thursday,11,November,4,2015,2016-04-05
715,2018-10-02,Tuesday,10,October,4,2018,2019-02-02
716,2020-02-03,Monday,2,February,1,2020,2020-04-03
717,2015-04-06,Monday,4,April,2,2015,2015-09-06
718,2016-01-10,Sunday,1,January,1,2016,2016-06-10
719,2015-05-03,Sunday,5,May,2,2015,2015-08-03
720,2016-07-11,Monday,7,July,3,2016,2016-11-11
721,2018-03-10,Saturday,3,March,1,2018,2018-09-10
722,2016-02-04,Thursday,2,February,1,2016,2016-07-04
723,2018-11-05,Monday,11,November,4,2018,2019-04-05
724,2018-11-06,Tuesday,11,November,4,2018,2018-12-06
725,2016-11-09,Wednesday,11,November,4,2016,2017-03-09
726,2017-01-04,Wednesday,1,January,1,2017,2017-05-04
727,2018-01-05,Friday,1,January,1,2018,2018-03-05
728,2018-11-07,Wednesday,11,November,4,2018,2019-02-07
729,2015-07-01,Wednesday,7,July,3,2015,2015-12-01
730,2015-04-11,Saturday,4,April,2,2015,2015-09-11
731,2017-03-01,Wednesday,3,March,1,2017,2017-08-01
732,2017-06-03,Saturday,6,June,2,2017,2017-07-03
733,2016-12-03,Saturday,12,December,4,2016,2017-04-03
734,2015-06-06,Saturday,6,June,2,2015,2015-12-06
735,2016-10-04,Tuesday,10,October,4,2016,2016-12-04
736,2018-02-05,Monday,2,February,1,2018,2018-07-05
737,2019-03-11,Monday,3,March,1,2019,2019-05-11
738,2019-01-03,Thursday,1,January,1,2019,2019-06-03
739,2017-06-02,Friday,6,June,2,2017,2017-11-02
740,2016-09-10,Saturday,9,September,3,2016,2017-02-10
741,2018-01-07,Sunday,1,January,1,2018,2018-03-07
742,2018-02-07,Wednesday,2,February,1,2018,2018-07-07
743,2020-03-01,Sunday,3,March,1,2020,2020-06-01
744,2015-05-05,Tuesday,5,May,2,2015,2015-07-05
745,2017-08-12,Saturday,8,August,3,2017,2018-02-12
746,2017-02-07,Tuesday,2,February,1,2017,2017-06-07
747,2017-08-02,Wednesday,8,August,3,2017,2017-11-02
748,2019-11-01,Friday,11,November,4,2019,2020-04-01
749,2016-08-10,Wednesday,8,August,3,2016,2016-10-10
750,2017-04-09,Sunday,4,April,2,2017,2015-03-10
751,2020-03-12,Thursday,3,March,1,2020,2020-03-12
752,2019-02-01,Friday,2,February,1,2019,2019-04-01
